DIRECTORIO,SECUENCIA_P,ORDEN,HOGAR,REGIS,CLASE,P7250,P7260,P7280,P7280S1,P7310,P7320,P7350,P7350S1,P7360,P9460,P7390,P7390S1,P7420,P7420S1,P7420S2,P7420S3,P7420S4,P7420S5,P7420S6,P7420S7,P7420S7A1,P7420S8,P7422,P7422S1,P1806,P1519,P1883,RAMA2D_D_R4,OFICIO1,OFICIO2,DSI,DSCY,MES,RAMA4D_D_R4,DPTO,fex_c_2011
5398349,1,3,1,70,2,20,48,1,,2,32,1,,9,2,7,,,,,,,,,,,1,2,,908526,2,,13,45,97,1,2,03,1312,15,665.21370892
5398351,1,1,1,70,2,16,48,1,,2,16,1,,9,2,7,,,,,,,,,,,1,2,,908526,2,,42,71,95,1,2,03,4210,15,2727.3762066
5398357,1,3,1,70,2,48,48,1,,2,48,2,,7,2,1,,,,,,,,,,,1,2,,1200000,2,,84,39,39,1,2,03,8412,15,665.21370892
5399066,1,1,1,70,2,4,48,1,,2,12,1,,3,2,1,,,,,,,,,,,1,2,,908526,2,,41,95,95,1,1,03,4111,15,2727.3762066
5399075,1,1,1,70,2,68,48,1,,2,68,1,,9,2,1,,,,,,,,,,,1,2,,908526,2,,86,33,39,1,2,03,8621,15,1738.5160157
5402339,1,3,1,70,2,4,50,3,,2,20,1,,3,2,1,,,,,,,,,,,1,2,,500000,2,,45,54,45,1,1,03,4530,23,1931.6422482
5402343,1,4,1,70,2,12,48,8,,2,16,4,,1,2,1,,,,,,,,,,,1,2,,700000,2,,01,62,61,1,1,03,0161,23,3194.9470594
5402343,1,8,1,70,2,24,48,8,,2,24,4,,1,2,1,,,,,,,,,,,1,2,,600000,2,,01,62,61,1,2,03,0161,23,3194.9470594
5404109,1,3,1,70,2,12,40,1,,2,26,1,,7,2,1,,,,,,,,,,,1,2,,908526,2,,86,59,59,1,1,03,8610,70,443.40516244
5404538,2,1,2,70,2,12,48,3,,2,12,3,,1,2,1,,,,,,,,,,,1,2,,800000,2,,97,54,54,1,1,03,9700,23,1473.9988141
5404547,1,5,1,70,2,24,48,3,,2,24,3,,1,2,1,,,,,,,,,,,1,2,,400000,2,,97,54,54,1,2,03,9700,23,2376.250119
5404561,1,3,1,70,2,6,70,2,,2,6,2,,9,2,1,,,,,,,,,,,1,2,,1200000,2,,84,58,58,1,1,03,8422,23,1083.3355042
5404572,1,4,1,70,2,24,48,1,,2,24,1,,4,2,4,,,,,,,,,,,1,2,,908526,2,,47,32,33,1,2,03,4759,23,1228.7578641
5404580,1,1,1,70,2,12,48,3,,2,52,3,,1,2,1,,,,,,,,,,,1,2,,600000,2,,97,54,54,1,1,03,9700,50,547.91112695
5404594,1,1,1,70,2,4,48,4,,2,4,4,,1,2,1,,,,,,,,,,,1,1,800000,900000,2,,01,95,61,1,1,03,0113,50,547.91112695
5404597,1,1,1,70,2,12,48,8,,2,14,8,,6,2,1,,,,,,,,,,,1,2,,500000,2,,01,62,62,1,1,03,0126,50,547.91112695
5404598,1,1,1,70,2,2,40,4,,2,3,4,,1,2,1,,,,,,,,,,,1,1,700000,908000,2,,01,61,61,1,1,03,0161,50,1072.7026725
5404640,1,1,1,70,2,8,48,8,,2,8,8,,5,2,1,,,,,,,,,,,1,2,,500000,2,,01,62,62,1,1,03,0126,50,547.91112695
5404667,1,1,1,70,2,8,48,8,,2,12,1,,2,2,1,,,,,,,,,,,1,2,,980000,2,,56,62,53,1,1,03,5630,50,547.91112695
5404670,1,1,1,70,2,16,48,8,,2,4,8,,6,2,1,,,,,,,,,,,1,1,200000,1050000,2,,01,62,62,1,2,03,0126,50,547.91112695
5404674,1,1,1,70,2,104,48,4,,2,102,5,,2,2,4,,,,,,,,,,,1,2,,1200000,2,,41,95,95,1,2,03,4111,50,547.91112695
5404674,1,2,1,70,2,24,30,3,,2,102,1,,2,2,4,,,,,,,,,,,1,2,,900000,2,,41,54,95,1,2,03,4111,50,547.91112695
5404721,1,2,1,70,2,4,25,4,,2,10,4,,1,2,1,,,,,,,,1,,,,2,,300000,2,,47,41,41,1,1,03,4721,70,931.31423788
5404723,1,1,1,70,2,2,42,4,,2,99,4,,1,2,1,,,,,,,,,,,1,2,,200000,2,,56,41,45,1,1,03,5619,70,1041.4414624
5404730,1,2,1,70,2,2,48,4,,2,52,4,,1,2,1,,,,,,,,,,,1,2,,500000,2,,47,45,45,1,1,03,4782,70,778.50673554
5404731,1,1,1,70,2,12,40,3,,2,52,4,,2,2,1,,,,,,,,1,,,,2,,600000,2,,56,54,53,1,1,03,5611,70,897.71169405
5404739,1,2,1,70,2,2,48,2,,2,999,3,,1,2,1,,,,,,,,,,,1,2,,400000,2,,97,55,54,1,1,03,9700,70,1131.9785002
5404741,1,3,1,70,2,4,40,1,,1,,,,,,,,.,,,,,,,,.,,,,800000,,,,55,,1,1,03,.,70,687.96969778
5404745,1,2,1,70,2,2,48,4,,2,7,4,,1,2,4,,,,,,,,,,,1,2,,500000,2,,25,83,87,1,1,03,2511,70,1200.7574955
5404774,1,3,1,70,2,52,30,2,,2,52,1,,5,2,1,,,,,,,,,,,1,2,,1200000,2,,85,13,13,1,2,03,8530,70,443.40516244
5404778,1,1,1,70,2,3,40,4,,2,3,4,,1,2,1,,,,,,,,1,,,,2,,500000,2,,01,61,61,1,1,03,0161,70,851.96681316
5404780,1,3,1,70,2,4,40,4,,2,4,4,,1,2,1,,,,,,,,,,,1,2,,300000,2,,01,61,61,1,1,03,0161,70,552.49794831
5404789,1,2,1,70,2,8,40,1,,2,12,1,,5,2,1,,,,,,,,,,,1,2,,908526,2,,85,53,53,1,1,03,8530,70,1569.5018923
5404802,1,3,1,70,2,5,40,1,,1,,,,,,,,.,,,,,,,,.,,,,400000,,,,45,,1,1,03,.,70,1598.6435974
5404803,1,5,1,70,2,5,40,3,,2,56,3,,1,2,1,,,,,,,,,,,1,2,,700000,2,,97,54,54,1,1,03,9700,70,832.01224862
5404851,1,2,1,70,2,8,40,3,,2,6,4,,1,2,1,,,,,,,,1,,,,2,,600000,2,,81,54,54,1,1,03,8121,19,985.10121141
5404919,1,2,1,70,2,6,24,3,,2,12,3,,1,2,1,,,,,,,,,,,1,2,,450000,2,,97,54,54,1,1,03,9700,19,931.86639207
5404948,1,1,1,70,2,16,40,4,,2,16,4,,2,2,1,,,,,,,,,,,1,1,100000,600000,2,,47,41,41,1,2,03,4759,19,843.38403776
5404964,1,2,1,70,2,52,45,1,,2,60,1,,9,2,1,,,,,,,,,,,1,2,,908000,2,,84,55,55,1,2,03,8412,19,1054.4449444
5404967,1,3,1,70,2,8,40,1,,2,12,1,,9,2,1,,,,,,,,,,,1,2,,906500,2,,80,58,58,1,1,03,8010,19,1185.213001
5409292,1,5,1,70,2,8,48,1,,1,,,,,,,,.,,,,,,,,.,,,,908000,,,,53,,1,1,03,.,50,2246.4356205
5409298,1,1,1,70,2,4,48,8,,2,4,4,,1,2,8,,,,,,,,,,,1,2,,700000,2,,01,62,62,1,1,03,0141,50,547.91112695
5409299,1,1,1,70,2,4,60,4,,2,26,8,,4,2,1,,,,,,,,,,,1,2,,900000,2,,01,62,62,1,1,03,0141,50,2246.4356205
5409352,1,1,1,70,2,4,50,4,,2,4,4,,1,2,2,,,,,,,,,,,1,2,,700000,2,,81,55,55,1,1,03,8121,50,715.10768109
5409352,1,2,1,70,2,16,50,1,,2,16,1,,9,2,1,,,,,,,,,,,1,2,,900000,2,,47,45,45,1,2,03,4771,50,715.10768109
5409355,1,1,1,70,2,46,50,1,,2,46,1,,5,2,1,,,,,,,,,,,1,2,,900000,2,,45,45,45,1,2,03,4530,50,715.10768109
5409357,1,3,1,70,2,6,48,1,,2,6,1,,3,2,1,,,,,,,,,,,1,2,,908000,2,,08,97,97,1,1,03,0811,50,2931.9414925
5409358,1,2,1,70,2,52,48,1,,2,52,1,,3,2,1,,,,,,,,,,,1,2,,1500000,2,,49,98,98,1,2,03,4923,50,715.10768109
5409430,1,2,1,70,2,48,40,1,,2,144,2,,9,2,4,,,,,,,,,,,1,2,,300000,2,,86,53,59,1,2,03,8610,52,2668.5500791
5409431,1,1,1,70,2,24,48,4,,2,48,4,,9,2,1,,,,,,,,,,,1,2,,908526,2,,86,55,55,1,2,03,8610,52,1440.1192984
5409480,1,1,1,70,2,6,40,8,,2,8,8,,2,2,1,,,,,,,,,,,1,2,,600000,2,,01,62,62,1,1,03,0141,70,443.40516244
5409484,1,6,1,70,2,8,40,3,,2,10,3,,1,2,1,,,,,,,,,,,1,2,,400000,2,,97,54,54,1,1,03,9700,70,554.03333965
5409500,1,3,1,70,2,52,70,1,,2,52,1,,5,2,4,,,,,,,,,,,1,2,,1200000,2,,42,03,03,1,2,03,4210,76,1573.6137573
5409505,1,2,1,70,2,5,48,1,,2,24,1,,9,2,4,,,,,,,,,,,1,2,,908526,2,,94,55,32,1,1,03,9491,76,2752.0672009
5409519,1,2,1,70,2,30,50,1,,2,30,1,,9,2,8,,,,,,,,,,,1,2,,3000000,2,,42,02,02,1,2,03,4210,76,2341.8270245
5410252,1,2,1,70,2,4,48,1,,2,4,5,,2,2,1,,,,,,,,,,,1,2,,1000000,2,,56,11,51,1,1,03,5613,25,3818.9146207
5410257,1,3,1,70,2,6,48,1,,2,48,1,,9,2,7,,,,,,,,,,,1,2,,908526,2,,01,95,62,1,1,03,0125,25,2382.1109255
5410264,1,2,1,70,2,20,48,1,,2,20,1,,9,2,6,,,,,,,,,,,1,2,,908526,2,,01,62,62,1,2,03,0125,25,2382.1109255
5410273,1,1,1,70,2,52,16,3,,2,52,1,,4,2,1,,,,,,,,,,,1,2,,908526,2,,49,54,97,1,2,03,4923,25,6192.1054333
5410325,1,3,1,70,2,2,48,1,,2,20,1,,9,2,2,,,,,1,,,,,,,2,,2000000,2,,49,44,44,1,1,03,4923,25,7900.0750314
5410455,1,1,1,70,2,6,48,1,,2,7,1,,4,2,4,,,,,,,,,,,1,2,,1400000,2,,94,21,21,1,1,03,9499,27,960.53721334
5410720,1,2,1,70,2,4,48,1,,2,24,1,,2,2,1,,,,,,,,,,,1,2,,600000,2,,56,39,53,1,1,03,5611,41,1192.8292417
5410723,1,3,1,70,2,10,30,2,,1,,,,,,,,.,,,,,,,,.,,,,1200000,,,,13,,1,1,03,.,41,625.76681026
5410724,1,2,1,70,2,259,48,2,,2,17,2,,9,2,1,,,,,,,,,,,1,2,,500000,2,,84,13,13,1,2,03,8413,41,1600.5298207
5410735,1,3,1,70,2,3,48,1,,2,5,8,,3,2,1,,,,,,,,,,,1,1,400000,900000,2,,03,62,60,1,1,03,0322,41,1250.8203802
5410751,1,2,1,70,2,8,48,1,,2,14,4,,1,2,1,,,,,,,,1,,,,2,,900000,2,,01,40,61,1,1,03,0161,41,783.65889681
5410760,1,2,1,70,2,20,48,4,,2,20,4,,1,2,1,,,,,,,,1,,,,2,,98,2,,01,61,61,1,2,03,0161,41,1812.1348077
5410767,1,2,1,70,2,8,40,1,,2,156,1,,3,2,5,,,,,,,,,,,1,2,,998000,2,,56,53,53,1,1,03,5611,41,1192.8292417
5410778,1,4,1,70,2,16,48,1,,1,,,,,,,,.,,,,,,,,.,,,,900000,,,,45,,1,2,03,.,41,1535.9919529
5410784,1,2,1,70,2,2,48,1,,2,57,1,,3,2,1,,,,,,,,,,,1,2,,300000,2,,56,77,53,1,1,03,5611,41,1228.6586801
5410922,1,3,1,70,2,17,48,2,,2,17,1,,9,2,4,,,,,,,,,,,1,2,,1500000,2,,64,31,21,1,2,03,6499,52,1612.2294056
5410922,1,4,1,70,2,17,48,1,,2,17,1,,9,2,4,,,,,,,,,,,1,2,,1500000,2,,64,33,33,1,2,03,6499,52,1612.2294056
5410980,1,4,1,70,2,4,48,1,,2,8,4,,1,2,1,,,,,,,,,,,1,2,,800000,2,,47,99,41,1,1,03,4711,54,715.10768109
5410987,1,1,1,70,2,1,50,4,,2,1,4,,1,2,1,,,,,,,,,,,1,1,600000,600000,2,,01,61,61,1,1,03,0161,54,2931.9414925
5410987,1,3,1,70,2,1,40,4,,2,1,4,,1,2,4,,,,,,,,,,,1,1,500000,400000,2,,01,61,61,1,1,03,0161,54,2931.9414925
5410987,1,7,1,70,2,2,50,4,,2,2,4,,1,2,3,,,,,,,,,,,1,1,600000,600000,2,,01,61,61,1,1,03,0161,54,2931.9414925
5411157,1,2,1,70,2,2,50,4,,2,2,4,,1,2,1,,,,,,,,,,,1,1,800000,600000,2,,01,61,61,1,1,03,0161,54,1236.5122584
5411199,1,1,1,70,2,8,40,4,,2,8,4,,9,2,1,,,1,,,,,,,,,2,,1200000,1,1,85,13,13,1,1,03,8544,54,1236.5122584
5411201,1,3,1,70,2,1,48,4,,2,1,4,,1,2,1,,,,,,,,,,,1,1,70000,500000,2,,85,13,13,1,1,03,8559,54,1236.5122584
5411222,1,3,1,70,2,24,48,8,,2,48,1,,9,2,4,,,,,,,,,,,1,2,,908000,2,,41,62,95,1,2,03,4111,05,3088.0403144
5411222,1,4,1,70,2,240,48,1,,1,,,,,,,,.,,,,,,,,.,,,,908000,,,,33,,1,2,03,.,05,3088.0403144
5411223,1,1,1,70,2,12,48,3,,2,12,3,,1,2,2,,,,,,,,,,,1,2,,950000,2,,97,54,54,1,1,03,9700,05,1933.3080415
5411225,1,3,1,70,2,30,48,1,,2,30,4,,1,2,1,,,,,,,,,,,1,2,,1800000,2,,74,05,05,1,2,03,7490,05,2787.0733018
5411225,1,4,1,70,2,40,48,1,,2,50,1,,9,2,1,,,,,,,,,,,1,2,,1800000,2,,01,05,05,1,2,03,0125,05,2787.0733018
5411248,1,2,1,70,2,12,48,4,,2,12,4,,1,2,2,,,,,,,,,,,1,2,,800000,2,,81,55,54,1,1,03,8121,05,3214.4187133
5411250,1,3,1,70,2,1,24,1,,2,1,1,,2,2,1,,,,,,,,,,,1,1,1100000,908000,2,,47,59,59,1,1,03,4759,05,1373.0388214
5411288,1,1,1,70,2,8,48,1,,2,144,8,,4,2,1,,,,,,,,,,,1,2,,908000,2,,01,53,62,1,1,03,0125,05,3406.0093509
5411289,1,3,1,70,2,12,48,3,,2,12,3,,1,2,1,,,,,,,,,,,1,2,,908000,2,,97,54,54,1,1,03,9700,05,1363.715382
5411306,1,2,1,70,2,24,48,8,,2,24,8,,5,2,1,,,,,,,,,,,1,2,,600000,2,,01,62,62,1,2,03,0123,05,3608.9320286
5411309,1,1,1,70,2,12,48,8,,2,12,8,,3,2,1,,,,,,,,,,,1,2,,500000,2,,01,62,62,1,1,03,0123,05,3397.1932133
5411319,1,1,1,70,2,12,48,3,,2,240,3,,1,2,8,,,,,,,,,,,1,2,,908000,2,,97,54,54,1,1,03,9700,05,1933.3080415
5411359,1,2,1,70,2,50,48,1,,2,50,3,,1,2,1,,,,,,,,,,,1,2,,908526,2,,97,97,54,1,2,03,9700,66,1137.485485
5411365,1,1,1,70,2,8,48,1,,2,8,1,,2,2,2,,,,,,,,,,,1,2,,908526,2,,56,50,50,1,1,03,5611,66,1019.2722139
5411366,1,1,1,70,2,16,24,1,,2,60,1,,5,2,2,,,,,,,,,,,1,2,,450000,2,,59,45,39,1,2,03,5920,66,1541.0597652
5411381,1,4,1,70,2,5,48,4,,2,6,4,,1,2,1,,,,,,,,,,,1,2,,800000,2,,08,99,99,1,1,03,0811,66,1468.578023
5411385,1,2,1,70,2,6,48,1,,2,7,1,,2,2,1,,,,,,,,,,,1,2,,600000,2,,96,57,57,1,1,03,9602,66,596.73307693
5411427,1,1,1,70,2,52,48,1,,2,53,1,,2,2,1,,,,,,,,,,,1,2,,700000,2,,56,53,53,1,2,03,5611,66,407.14648334
5411446,1,1,1,70,2,8,48,1,,2,12,3,,2,2,4,,,,,,,,,,,1,2,,800000,2,,97,53,54,1,1,03,9700,66,448.25139115
5411460,1,3,1,70,2,4,48,8,,2,3,8,,3,2,1,,,,,,,,,,,1,1,800000,800000,2,,01,62,62,1,1,03,0124,66,723.75593518
5411493,1,2,1,70,2,10,48,1,,2,12,1,,5,2,2,,,,,,,,,,,1,2,,1500000,2,,85,13,13,1,1,03,8530,66,474.78963423
5411498,1,1,1,70,2,56,56,2,,2,56,2,,9,2,1,,,,,,,,,,,1,2,,900000,2,,84,13,13,1,2,03,8413,66,688.78164825
5411507,1,2,1,70,2,4,50,1,,2,52,1,,6,2,8,,,,,,,,,,,1,2,,680000,2,,47,33,40,1,1,03,4711,66,654.80778496
5411545,1,2,1,70,2,24,48,3,,2,24,7,,3,2,1,,,,,,,,,,,1,2,,900000,2,,01,54,62,1,2,03,0141,68,1751.6761071
5411545,1,3,1,70,2,24,48,3,,2,24,7,,3,2,1,,,,,,,,,,,1,2,,900000,2,,01,54,62,1,2,03,0141,68,1751.6761071
5411551,1,1,1,70,2,48,48,1,,2,48,1,,2,2,1,,,,,,,,,,,1,2,,908526,2,,49,98,98,1,2,03,4923,68,1751.6761071
5411551,1,2,1,70,2,16,48,1,,2,16,4,,9,2,1,,,,,,,,,,,1,2,,908526,2,,71,32,32,1,2,03,7110,68,1751.6761071
5411551,1,3,1,70,2,41,30,3,,2,41,8,,2,2,1,,,,1,,,,,,,,2,,908526,1,4,01,54,62,1,2,03,0141,68,1751.6761071
5411551,1,4,1,70,2,24,40,1,,2,12,8,,2,2,1,,,,1,,,,,,,,2,,908526,1,4,01,60,62,1,2,03,0141,68,1751.6761071
5411566,1,2,1,70,2,16,24,1,,2,250,1,,4,2,3,,,,,,,,,,,1,2,,400000,2,,47,53,33,1,2,03,4772,68,7181.872039
5411567,2,2,2,70,2,12,48,4,,2,60,1,,7,2,8,,,,,,,,,,,1,2,,500000,2,,01,55,53,1,1,03,0141,68,7181.872039
5411645,1,2,1,70,2,8,40,3,,2,104,3,,1,2,4,,,,,,,,,,,1,2,,908526,2,,97,54,54,1,1,03,9700,73,2566.3942208
5411662,1,3,1,70,2,12,48,1,,1,,,,,,,,.,,,,,,,,.,,,,900000,,,,34,,1,1,03,.,73,2693.002127
5411685,1,1,1,70,2,56,48,1,,2,112,1,,5,2,1,,,,,,,,,,,1,2,,908600,2,,01,55,62,1,2,03,0145,73,2138.4717951
5411685,1,2,1,70,2,24,48,1,,2,5,4,,1,2,1,,,,,,,,,,,1,1,600000,900000,2,,45,98,99,1,2,03,4520,73,2138.4717951
5411750,1,3,1,70,2,52,48,1,,1,,,,,,,,.,,,,,,,,.,,,,908526,,,,62,,1,2,03,.,44,1919.8843925
5411751,1,2,1,70,2,40,60,4,,2,56,4,,2,2,1,,,,,,,,,,,1,2,,200000,2,,47,45,45,1,2,03,4724,44,954.6483164
5411754,1,3,1,70,2,5,50,4,,2,28,4,,1,2,1,,,,,,,,,,,1,2,,200000,2,,56,45,45,1,1,03,5619,44,2153.5939368
5411757,1,2,1,70,2,2,50,1,,2,2,1,,6,2,8,,,,,,,,,,,1,1,400000,908000,2,,82,54,97,1,1,03,8292,05,1339.2726251
5411759,1,2,1,70,2,16,48,1,,2,260,1,,6,2,1,,,,,,,,,,,1,1,80000,908500,2,,14,55,79,1,2,03,1410,05,1541.0597652
5411760,1,3,1,70,2,20,72,1,,1,,,,,,,,.,,,,,,,,.,,,,908000,,,,58,,1,2,03,.,05,1204.922696
5411769,1,2,1,70,2,8,50,1,,2,3,8,,4,2,1,,,,,,,,,,,1,1,360000,1000000,2,,01,39,62,1,1,03,0113,05,833.83811614
5411769,1,3,1,70,2,8,55,1,,2,2,8,,2,2,1,,,,,,,,,,,1,1,300000,1000000,2,,01,98,62,1,1,03,0113,05,833.83811614
5411773,1,2,1,70,2,52,48,1,,2,100,1,,2,2,2,,,,,,,,,,,1,2,,908000,2,,56,45,53,1,2,03,5619,05,1396.8165313
5411779,1,1,1,70,2,20,48,1,,2,20,1,,9,2,4,,,,,,,,,,,1,2,,1200000,2,,61,39,39,1,2,03,6120,05,1339.2726251
5411793,1,2,1,70,2,48,25,3,,2,52,1,,5,2,1,,,,,,,,,,,1,2,,300000,2,,36,54,55,1,2,03,3600,05,3551.3076165
5411798,1,1,1,70,2,52,48,4,,2,54,4,,1,2,1,,,,,,,,,1,YA ES PENSIONADO,,2,,2500000,3,,70,19,19,1,2,03,7020,05,1531.6497868
5411902,1,4,1,70,2,4,56,3,,2,4,3,,1,2,1,,,,,,,,,1,BUSCAR TRABAJO,,1,800000,908526,2,,97,54,54,1,1,03,9700,13,4847.0571356
5411912,1,2,1,70,2,12,48,1,,1,,,,,,,,.,,,,,,,,.,,,,908526,,,,03,,1,1,03,.,13,3128.6999783
5411916,1,4,1,70,2,8,48,1,,1,,,,,,,,.,,,,,,,,.,,,,908526,,,,97,,1,1,03,.,13,2965.5876301
5411918,1,3,1,70,2,12,35,1,,1,,,,,,,,.,,,,,,,,.,,,,908526,,,,33,,1,1,03,.,13,3248.5164413
5411925,1,3,1,70,2,24,48,1,,1,,,,,,,,.,,,,,,,,.,,,,1200000,,,,05,,1,2,03,.,13,2965.5876301
5411928,1,3,1,70,2,16,40,1,,1,,,,,,,,.,,,,,,,,.,,,,908526,,,,39,,1,2,03,.,13,1832.1934474
5412027,1,3,1,70,2,10,48,3,,2,23,3,,1,2,1,,,,,,,,,,,1,2,,200000,2,,97,54,54,1,1,03,9700,13,2569.887723
5412052,1,2,1,70,2,26,48,1,,2,50,3,,2,2,4,,,,,,,,,,,1,2,,908526,2,,97,59,59,1,2,03,9700,13,3871.3300416
5412143,1,2,1,70,2,4,36,4,,2,4,4,,1,2,1,,,,,,,,,,,1,2,,700000,2,,01,62,62,1,1,03,0161,15,610.61443389
5412176,1,1,1,70,2,52,40,1,,2,52,4,,1,2,1,,,,,,,,,,,1,2,,400000,2,,01,53,62,1,2,03,0161,15,610.61443389
5412176,1,2,1,70,2,4,40,1,,2,4,4,,1,2,1,,,,,,,,,,,1,1,100000,400000,2,,01,95,62,1,1,03,0161,15,610.61443389
5412179,1,1,1,70,2,8,48,1,,2,8,1,,3,2,1,,,,,,,,,,,1,2,,900000,2,,41,95,95,1,1,03,4111,15,1100.0719911
5412180,1,1,1,70,2,16,40,1,,2,16,1,,7,2,8,,,,,,,,,,,1,2,,1000000,2,,49,98,39,1,2,03,4923,15,1100.0719911
5412212,1,3,1,70,2,6,48,1,,2,6,1,,3,2,1,,,,,,,,,,,1,2,,900000,2,,47,39,45,1,1,03,4723,68,1029.1009699
5412243,1,2,1,70,2,8,48,1,,1,,,,,,,,.,,,,,,,,.,,,,1000000,,,,84,,1,1,03,.,68,1029.1009699
5412246,1,3,1,70,2,180,48,1,,1,,,,,,,,.,,,,,,,,.,,,,1000000,,,,84,,1,2,03,.,68,3456.3525568
5412256,1,2,1,70,2,5,40,2,,1,,,,,,,,.,,,,,,,,.,,,,2000000,,,,21,,1,1,03,.,68,1029.1009699
5412327,1,1,1,70,2,7,24,1,,2,8,3,,1,2,1,,,,,,,,,,,1,2,,550000,2,,97,53,54,1,1,03,9700,17,3138.7246569
5412327,1,2,1,70,2,6,48,1,,2,6,1,,3,2,1,,,,,,,,,,,1,1,900000,908526,2,,41,95,95,1,1,03,4111,17,3138.7246569
5412331,1,1,1,70,2,52,40,1,,2,520,1,,3,2,1,,,,,,,,,,,1,2,,908526,2,,56,53,53,1,2,03,5611,17,3368.871412
5412331,1,3,1,70,2,8,48,1,,1,,,,,,,,.,,,,,,,,.,,,,908526,,,,53,,1,1,03,.,17,3368.871412
5412332,1,1,1,70,2,10,48,1,,2,4,1,,2,2,1,,,,,,,,,,,1,1,50000,450000,2,,56,53,53,1,1,03,5611,17,2915.3443401
5412337,1,5,1,70,2,12,48,1,,2,106,4,,1,2,4,,,,,,,,,,,1,2,,908526,2,,81,55,55,1,1,03,8121,17,1363.715382
5412364,1,1,1,70,2,20,24,1,,2,5,1,,2,2,1,,,,,,,,,,,1,2,,600000,2,,56,53,53,1,2,03,5611,17,2915.3443401
5412368,1,1,1,70,2,16,48,1,,2,22,1,,9,2,2,,,,,,,,,,,1,2,,908526,2,,80,58,58,1,2,03,8010,17,2575.3344865
5412392,1,3,1,70,2,12,48,3,,2,12,3,,1,2,2,,,,,,,,,,,1,2,,908526,2,,97,54,54,1,1,03,9700,17,2319.9430443
5412398,1,2,1,70,2,2,48,1,,2,2,7,,2,2,6,,,,,,,,,,,1,2,,908526,2,,56,53,53,1,1,03,5629,17,2599.4980212
5412418,1,1,1,70,2,4,24,3,,2,60,3,,1,2,2,,,,,,,,,,,1,2,,200000,2,,97,54,54,1,1,03,9700,17,657.36846675
5412418,1,4,1,70,2,12,48,1,,2,50,1,,3,2,1,,,,,,,,,,,1,2,,1000000,2,,56,19,53,1,1,03,5611,17,657.36846675
5412418,1,7,1,70,2,12,48,1,,2,160,1,,5,2,1,,,,,,,,,,,1,2,,1200000,2,,85,13,13,1,1,03,8530,17,657.36846675
5412421,1,4,1,70,2,12,48,1,,1,,,,,,,,.,,,,,,,,.,,,,908526,,,,13,,1,1,03,.,17,596.73307693
5412422,1,3,1,70,2,52,48,1,,2,52,1,,9,2,1,,,,,,,,,,,1,2,,1500000,2,,24,21,21,1,2,03,2410,17,596.73307693
5415221,1,1,1,70,2,4,40,8,,2,4,4,,1,2,1,,,,,,,,,,,1,2,,908526,2,,02,62,63,1,1,03,0220,20,1352.5416602
5415232,1,3,1,70,2,12,48,4,,2,12,1,,9,2,1,,,,,,,,,,,1,2,,907000,2,,42,98,98,1,1,03,4210,20,851.23039941
5415241,1,2,1,70,2,12,36,3,,2,13,4,,1,2,1,,,,,,,,1,,,,2,,300000,2,,56,54,53,1,1,03,5619,20,2251.9938512
5415247,1,1,1,70,2,48,40,1,,2,48,4,,1,2,1,,,,,,,,,,,1,2,,907000,2,,56,58,45,1,2,03,5619,20,1551.6067723
5415251,1,1,1,70,2,40,48,4,,2,38,1,,9,2,1,,,,,,,,,,,1,2,,900000,2,,46,95,97,1,2,03,4663,20,2250.5200616
5415251,1,2,1,70,2,30,50,1,,2,56,1,,9,2,1,,,,,,,,,,,1,2,,900000,2,,61,03,39,1,2,03,6190,20,2250.5200616
5415325,1,1,1,70,2,2,40,1,,2,6,3,,1,2,1,,,,,,,,1,,,,2,,600000,2,,97,59,54,1,1,03,9700,20,2119.1202311
5415331,1,3,1,70,2,20,40,4,,2,8,1,,9,2,1,,,,,,,,,,,1,2,,500000,2,,86,45,33,1,2,03,8621,20,1059.0697031
5415405,1,6,1,70,2,96,48,1,,2,720,4,,1,2,1,,,,,,,,,,,1,2,,98,2,,47,45,45,1,2,03,4722,47,731.74834947
5415424,1,6,1,70,2,72,48,1,,2,36,3,,1,2,1,,,,,,,,,,,1,2,,908526,2,,97,59,54,1,2,03,9700,47,731.74834947
5415429,1,2,1,70,2,52,48,1,,2,52,4,,1,2,1,,,,,,,,,,,1,2,,98,2,,41,84,95,1,2,03,4112,47,864.708183
5415444,1,2,1,70,2,52,48,1,,2,52,1,,4,2,1,,,,,,,,,,,1,2,,908000,2,,85,13,13,1,2,03,8513,47,731.74834947
5415457,1,2,1,70,2,16,48,2,,2,36,2,,9,2,1,,,,,,,,,,,1,2,,1500000,2,,86,59,59,1,2,03,8610,47,864.708183
5415464,1,3,1,70,2,24,46,4,,1,,,,,,,,.,,,,,,,,.,,,,600000,,,,95,,1,2,03,.,47,1686.9789052
5415464,1,4,1,70,2,4,48,4,,2,28,4,,1,2,1,,,,,,,,,,,1,2,,800000,2,,41,95,95,1,1,03,4112,47,1686.9789052
5415465,1,2,1,70,2,10,42,3,,2,40,3,,1,2,1,,,,,,,,,,,1,2,,908000,2,,97,54,54,1,1,03,9700,47,898.15523996
5415469,1,2,1,70,2,8,48,1,,2,8,2,,9,2,1,,,,,,,,,,,1,2,,3000000,2,,84,19,32,1,1,03,8412,47,731.74834947
5415476,1,7,1,70,2,52,48,3,,1,,,,,,,,.,,,,,,,,.,,,,600000,,,,54,,1,2,03,.,47,1892.2726473
5415489,1,4,1,70,2,4,24,3,,2,12,3,,1,2,1,,,,,,,,,,,1,2,,98,2,,97,54,54,1,1,03,9700,47,1242.242987
5415527,1,3,1,70,2,4,48,1,,2,36,4,,9,2,1,,,,,,,,,,,1,2,,1500000,2,,85,21,13,1,1,03,8544,47,911.78338911
5415580,1,3,1,70,2,16,48,1,,2,16,1,,7,2,1,,,,,,,,,,,1,2,,909000,2,,85,13,13,1,2,03,8513,05,2976.9927412
5415621,1,2,1,70,2,3,50,8,,2,3,1,,4,2,1,,,,,,,,,,,1,1,600000,600000,2,,02,62,63,1,1,03,0220,76,7119.1800195
5415621,1,3,1,70,2,3,50,8,,2,2,8,,2,2,1,,,,,,,,,,,1,1,500000,700000,2,,01,62,62,1,1,03,0113,76,7119.1800195
5415627,1,2,1,70,2,8,60,3,,2,13,1,,2,2,9,SE DESPLAZA AL MUNICIPIO CERCANO DONDE TIENE AFILIACION A REGIMEN SUBSIDIADO,,,,,,,,,,1,2,,400000,2,,56,54,53,1,1,03,5619,76,3432.3855221
5415668,1,2,1,70,2,12,48,1,,1,,,,,,,,.,,,,,,,,.,,,,1000000,,,,15,,1,1,03,.,76,3032.1428856
5415694,1,1,1,70,2,8,48,1,,2,12,1,,3,2,1,,,,,,,,,,,1,2,,900000,2,,56,53,53,1,1,03,5611,18,596.73307693
5415807,1,3,1,70,2,12,48,1,,2,104,1,,9,2,1,,,,,,,,,,,1,2,,900000,2,,01,53,62,1,1,03,0125,08,2048.0558079
5415815,1,5,1,70,2,36,48,1,,2,36,4,,1,2,1,,,,,,,,,,,1,2,,600000,2,,47,55,45,1,2,03,4792,08,1610.7729679
5417346,1,2,1,70,2,2,30,1,,2,2,8,,2,2,4,,,,,,,,,,,1,2,,600000,2,,01,45,62,1,1,03,0123,76,3598.1995542
5417569,1,3,1,70,2,8,50,8,,2,4,8,,2,2,1,,,,,,,,,,,1,1,100000,400000,2,,01,62,62,1,1,03,0122,63,1328.6991722
5417581,1,2,1,70,2,12,30,1,,2,104,4,,9,2,1,,,,,,,,,,,1,2,,2000000,2,,85,02,02,1,1,03,8541,63,1403.0754613
5417587,1,2,1,70,2,4,40,1,,2,24,4,,1,2,1,,,,,,,,,,,1,2,,908526,2,,81,45,62,1,1,03,8130,63,3342.1592734
5417589,1,1,1,70,2,20,50,1,,2,48,1,,4,2,7,,,,,,,,,,,1,2,,1500000,2,,56,51,51,1,2,03,5630,63,3204.254581
5417591,1,2,1,70,2,24,40,1,,2,144,1,,6,2,1,,,,,,,,,,,1,2,,908526,2,,55,97,55,1,2,03,5511,63,1403.0754613
5417594,1,2,1,70,2,8,48,1,,2,208,1,,9,2,2,,,,,,,,,,,1,2,,908526,2,,10,77,70,1,1,03,1089,63,2908.7152584
5417800,1,2,1,70,2,26,48,1,,2,5,8,,3,2,2,,,,,,,,,,,1,1,600000,908526,2,,01,97,62,1,2,03,0121,76,3000.3049618
5417957,1,2,1,70,2,20,48,1,,2,20,3,,3,2,2,,,,,,,,,,,1,1,1200000,950000,2,,97,62,54,1,2,03,9700,05,2286.7726526
5417957,1,3,1,70,2,4,48,1,,2,4,1,,4,2,1,,,,,,,,,,,1,1,1400000,1000000,2,,16,81,81,1,1,03,1690,05,2286.7726526
5417958,1,2,1,70,2,36,48,2,,2,36,1,,9,2,1,,,,,,1,,,,,,2,,908000,2,,85,13,13,1,2,03,8513,05,1707.805007
5418024,1,2,1,70,2,18,48,1,,2,51,4,,9,2,4,,,,,,,,,,,1,2,,908526,2,,84,13,39,1,2,03,8412,13,1544.6102349
5418024,1,3,1,70,2,22,48,1,,1,,,,,,,,.,,,,,,,,.,,,,908526,,,,59,,1,2,03,.,13,1544.6102349
5418131,1,1,1,70,2,26,40,3,,2,52,3,,1,2,1,,,,,,,,,,,1,2,,908526,2,,97,54,54,1,2,03,9700,76,1464.1198321
5418132,1,1,1,70,2,13,56,1,,2,13,1,,9,2,1,,,,,,,,,,,1,2,,908526,2,,01,45,45,1,1,03,0145,76,1662.3356134
5418135,1,2,1,70,2,4,48,4,,2,156,1,,3,2,1,,,,,,,,,,,1,2,,1200000,2,,49,98,98,1,1,03,4923,76,1443.5866077
5418188,1,1,1,70,2,18,48,1,,2,112,1,,2,2,1,,,,,,,,,,,1,2,,500000,2,,50,98,98,1,2,03,5011,13,906.3010158
5418188,1,3,1,70,2,30,48,1,,2,52,1,,2,2,1,,,,,,,,,,,1,2,,400000,2,,50,98,98,1,2,03,5011,13,906.3010158
5418194,1,4,1,70,2,32,24,1,,2,104,1,,9,2,1,,,,,,,,,,,1,2,,98,2,,64,44,44,1,2,03,6499,47,731.74834947
